iter	Logloss
0	0.5915249667
1	0.5145352607
2	0.4523291433
3	0.410979452
4	0.3760698573
